timestamp, latitude, longitude, altitude, horizontalAccuracy, verticalAccuracy
1732115340.123213, 48.175151569554764, 11.585628269965394, 510.75251388549805, 40.0, 37.133724212646484
1732115343.019303, 48.17500272770242, 11.58596503549403, 504.3570213317871, 18.71688594069133, 12.0
1732115344.033666, 48.17500616428272, 11.585958916704715, 502.4952049255371, 15.768599658861556, 8.0
1732115345.032187, 48.17500088368372, 11.585951959725083, 506.3474998474121, 15.244155401643612, 6.0
1732115346.03279, 48.17499208268539, 11.585942571993531, 506.7012596130371, 15.290933706563989, 6.0
1732115347.031962, 48.174983449325126, 11.58593469300455, 507.7268943786621, 15.464256886995853, 6.0
1732115348.0028198, 48.17497326531277, 11.585924215625585, 507.7867088317871, 15.350772428599361, 6.0
1732115349.0026207, 48.1749640871288, 11.585915917541445, 508.1040916442871, 15.106452375977158, 4.0
1732115350.0024443, 48.17495436412112, 11.58591415734178, 507.1341209411621, 15.04206278637075, 4.0
1732115351.0022502, 48.17494342573748, 11.585914241160811, 507.4236717224121, 15.029338345698507, 4.0
1732115352.0020666, 48.174932906449, 11.585911391313733, 508.6751365661621, 14.988775591642174, 4.0
1732115353.0019217, 48.1749241892697, 11.585910134028257, 508.5852928161621, 15.006036979838555, 4.0
1732115354.001752, 48.17491580271712, 11.585913193152573, 508.58529294654727, 16.166218257144305, 7.242832039390463
1732115355.0015888, 48.17490580054805, 11.5859136515717, 507.7151757609099, 16.092710548361854, 7.297234119593459
1732115356.0014677, 48.174893963367396, 11.585919263576665, 506.847011721693, 15.704401235725069, 7.602145428920434
1732115357.0013127, 48.174882037672596, 11.585922084618264, 506.3003808725625, 15.704401415321415, 7.6021450579129075
1732115358.001171, 48.174867942833636, 11.585924007308664, 505.9727441947907, 15.817477317916696, 7.363982929929273
1732115359.0010748, 48.17485769641346, 11.585925946956134, 505.83724611531943, 15.835438407406464, 7.32527977215445
1732115360.0009406, 48.17484527679248, 11.585936804273155, 505.61678716447204, 16.286731881321042, 6.981060209531452
1732115361.0008166, 48.17483426024147, 11.585936514759435, 506.7818261925131, 15.780700684473747, 7.521103582384803
1732115362.0007439, 48.17482276787458, 11.585929485748613, 507.17000976763666, 15.817478043744355, 7.36398137088655
1732115363.0006776, 48.174811221245626, 11.585923148598217, 506.88985840883106, 15.929866007123687, 7.415464722590708
1732115364.0006156, 48.17480245205339, 11.585925848645736, 506.329677737318, 16.13059606508121, 7.269274652003997
1732115365.0005574, 48.174792425495994, 11.585939533832486, 505.69771973695606, 15.981077948172734, 7.378615236679079
1732115366.0005016, 48.174778465520944, 11.585968521405531, 505.01009781006724, 15.957291921604243, 7.3957670539845655
1732115367.0004501, 48.174772597784575, 11.585978512493247, 504.69491214770824, 16.150674791601464, 7.254385982361626
1732115368.0004022, 48.1747646671328, 11.586001069894662, 504.04549821000546, 15.981943123468117, 7.377988620414975
1732115369.000357, 48.17476388652411, 11.586013109196177, 502.53646488301456, 15.834651828806251, 7.483179480653096
1732115370.0003138, 48.17476178661766, 11.586030942901754, 501.5501368017867, 15.910030377261734, 7.429653751800526
1732115371.0002728, 48.174755609898135, 11.586036539721073, 501.68844241835177, 15.704403939541747, 7.60213984341281
1732115372.000235, 48.17474350776338, 11.586034216541991, 501.70003905985504, 15.817479975134788, 7.36397722235131
1732115373.0001993, 48.17472681618531, 11.586027557635527, 501.9840967133641, 15.817480163890906, 7.363976816911946
1732115374.0001652, 48.17465193749147, 11.585873350991681, 507.50003273785114, 14.286705456413978, 10.015531962745165
1732115375.000134, 48.17464550967416, 11.585870906569788, 507.6792001873255, 14.286409722279885, 10.01595380092409
1732115376.0001035, 48.17463363182377, 11.585867927536402, 507.54980211984366, 14.284984750918722, 10.01798602320439
1732115377.0000763, 48.17462447119672, 11.585867071705541, 507.525227018632, 14.286599995712736, 10.015682396002767
1732115378.0000496, 48.17461247539699, 11.585873291992211, 507.12339996453375, 14.270652111419002, 10.038392381748745
1732115379.0000248, 48.174598982102616, 11.585871260824685, 507.3737609582022, 14.27306088680374, 10.034967175665903
1732115380.000001, 48.17458541048887, 11.58587530655418, 507.29225119855255, 14.274312885189884, 10.033186181408224
1732115380.9999795, 48.1745795099296, 11.585870286838956, 508.1371430493891, 14.278599537680847, 10.02708474770405
1732115381.999958, 48.174564327206916, 11.585881951625911, 507.1384478015825, 14.27808716202586, 10.027814332579718
1732115382.999938, 48.17455361658614, 11.585886054224149, 507.3199397418648, 14.277937059510563, 10.028028052401618
1732115383.99992, 48.17453486525816, 11.585888735966302, 507.5500067342073, 14.268902467920011, 10.040879227243256
1732115384.9999018, 48.174520736239494, 11.585885195875091, 507.7475099321455, 14.265378400890295, 10.045885345479093
1732115385.9998856, 48.17450243036678, 11.585888656043155, 507.85981204360723, 14.261823535921064, 10.05093143571017
1732115386.9998693, 48.1744894228532, 11.585893437203838, 508.10869046021253, 14.255146325076971, 10.060399422773603
1732115387.9998553, 48.17447645071077, 11.5858995500272, 507.70604871958494, 14.256129701468367, 10.05900587682552
1732115388.9998407, 48.17446780208457, 11.585897577954992, 507.3740623751655, 14.254025756690156, 10.061987031531721
1732115389.9998276, 48.17446012615637, 11.585899330484844, 507.31692640390247, 14.251827937955033, 10.065099786987872
1732115390.999815, 48.17446357170237, 11.585912662558343, 507.1527587901801, 14.251666754527223, 10.065328013184786
1732115391.999804, 48.17445795510859, 11.5859342813655, 507.1151925390586, 14.249037202207825, 10.069050208693783
1732115392.999792, 48.17445389385595, 11.585956086666796, 507.1343351639807, 14.249286226495569, 10.068697797158407
1732115393.9997807, 48.17445456323168, 11.585972740438327, 506.9716459736228, 14.247958881415181, 10.070576001828352
1732115394.9997704, 48.17445701645834, 11.585987003030889, 506.86112246196717, 14.245874310844423, 10.073524627195876
1732115395.9997609, 48.17446108839447, 11.586005947887788, 507.32662203907967, 14.24620465838667, 10.07305743686895
1732115396.999752, 48.17445623666033, 11.586027818634102, 507.5340987853706, 14.243643304716342, 10.076678952070877
1732115397.999743, 48.17444992342244, 11.586041678398704, 507.4071348235011, 14.242875373180194, 10.077764355210736
1732115398.999734, 48.17444118339738, 11.586056849830866, 507.25918747112155, 14.243092084096267, 10.07745807131209
1732115399.999726, 48.17442806831241, 11.586069066638174, 507.2752977181226, 14.24262050497752, 10.078124550048624
1732115400.9997187, 48.174416485381386, 11.586082232372457, 507.30824256595224, 14.242208041543728, 10.078707426872064
1732115401.999711, 48.17441175985661, 11.586093423266012, 507.27033866755664, 14.242605523833085, 10.078145721688005
1732115402.9997056, 48.174399409625025, 11.586103783178682, 507.57123555708677, 14.242285668777575, 10.078597731035398
1732115403.9996982, 48.17438467834941, 11.586112353706588, 507.6957592088729, 14.241927955575935, 10.079103204317514
1732115404.9996915, 48.174375194990915, 11.586116572369555, 507.28667794913054, 14.242026661796713, 10.07896372946001
1732115405.9996858, 48.174364770170534, 11.58611967696613, 507.2503285855055, 14.242055481194653, 10.07892300623793
1732115406.9996796, 48.17435044067958, 11.58612987263505, 507.2325067566708, 14.242134353278834, 10.078811554853766
1732115407.9996746, 48.17433991094276, 11.586137186731435, 507.3955524414778, 14.24174661833511, 10.079359431741652
1732115408.999669, 48.17432623096399, 11.586147369197045, 507.46954265702516, 14.241558096022915, 10.079625801224127
1732115409.9996634, 48.1743138755636, 11.586148427009233, 507.38969972077757, 14.239510409829252, 10.08251836514386
1732115410.9996586, 48.174299790352364, 11.586147856271376, 507.3411845685914, 14.24257573113186, 10.07818782510391
1732115411.9996543, 48.174286090094505, 11.586148523532614, 507.36180399544537, 14.244995191444035, 10.074767753692154
1732115412.999649, 48.17427127411089, 11.586148144156645, 507.56074127648026, 14.242168349177055, 10.078763515868314
1732115413.9996448, 48.174261874692384, 11.586148687835102, 507.84089782554656, 14.242979564152673, 10.077617100794624
1732115414.9996402, 48.17425212447152, 11.586149000607579, 507.52258936315775, 14.242097955282183, 10.078862987819909
1732115415.9996362, 48.17423941992712, 11.586148809749988, 507.5706432675943, 14.24289389574409, 10.077738177273446
1732115416.9996316, 48.174229705207594, 11.586146854964523, 507.72993538342416, 14.242442680168445, 10.078375851158519
1732115417.999628, 48.17421706273381, 11.586148847406443, 507.7265693806112, 14.243767500869343, 10.076503395338944
1732115418.999624, 48.174204187902276, 11.586153685615503, 508.039069683291, 14.24442761349941, 10.07557022003591
1732115419.9996207, 48.174193414523224, 11.586157017283886, 507.8219471536577, 14.244888987356598, 10.074917916935386
1732115420.9996176, 48.1741853715437, 11.586165501027596, 507.72939403168857, 14.241661586929448, 10.079479576767696
1732115421.999613, 48.174175691401665, 11.586176862475964, 507.7085345266387, 14.242753338802542, 10.077936823830953
1732115422.99961, 48.17416715899298, 11.586189798840683, 507.5843115411699, 14.242125211831711, 10.078824472407806
1732115423.9996076, 48.17416083188727, 11.58619932324302, 507.41883633006364, 14.243705337298731, 10.076591266857388
1732115424.9996033, 48.17415098699352, 11.586210476245851, 507.77149181813, 14.24561106735656, 10.073896893094906
1732115425.9996004, 48.17413767270966, 11.586224537306588, 507.90641726274043, 14.247047963162947, 10.07186465508912
1732115426.9995973, 48.174126074101395, 11.5862477232214, 508.11315434705466, 14.252147415510834, 10.064647402748234
1732115427.9995942, 48.174112527133495, 11.586258453988044, 508.30100220348686, 14.255968456404975, 10.059234397561537
1732115428.9995923, 48.17409905839741, 11.586261362458997, 509.33296502847224, 14.257587443776483, 10.05693957315873
1732115429.999588, 48.17410171938967, 11.586279392689272, 507.8141235653311, 14.255523725733001, 10.059864641244554
1732115430.9995856, 48.174096292608006, 11.586289788086669, 506.96817878913134, 14.25665722166303, 10.05825820702085
1732115431.9995823, 48.1740881540674, 11.586307218444707, 506.17909352388233, 14.253535867184823, 10.062680983613399
1732115432.999579, 48.174073080079104, 11.586313508712644, 506.779678334482, 14.253889297421606, 10.062180339864153
1732115433.9995773, 48.17405957647654, 11.58632784305858, 507.5742969000712, 14.253792805616836, 10.06231702689021
1732115434.9995747, 48.17404920600787, 11.586346237460415, 505.8168297037482, 14.254199099543483, 10.061741465853348
1732115435.9995713, 48.1740416473172, 11.586366584198615, 505.9135448690504, 14.251117931843202, 10.066105055471857
1732115436.9995685, 48.17402744468445, 11.586384372245163, 507.07412125263363, 14.252991874660255, 10.063451491211534
1732115437.9995663, 48.17401891947924, 11.586394684735852, 508.57007000781596, 14.255682530782735, 10.059639599738892
1732115438.9995637, 48.174011108231724, 11.586404598080037, 507.1782608823851, 14.254295096264151, 10.061605468498492
1732115439.9995608, 48.17400178068053, 11.58641321327141, 506.8480730364099, 14.252985737652374, 10.063460183126724
1732115440.9995592, 48.17398978332441, 11.586425767873443, 506.5777100035921, 14.250445113096102, 10.067057533049779
1732115441.9995563, 48.1739756828659, 11.586440104937731, 506.60093159694225, 14.249750801446208, 10.06804029549853
1732115442.9995537, 48.17396416153758, 11.586449003484448, 506.2284389436245, 14.248254376738075, 10.070157918864194
1732115443.9995515, 48.173954764854756, 11.586458786904146, 505.66763320658356, 14.24808780062737, 10.070393603067979
1732115444.999549, 48.17394405555289, 11.58647009079266, 505.786995514296, 14.246806196755383, 10.072206634456592
1732115445.9995472, 48.17393579626122, 11.586484511704995, 505.9007291505113, 14.24740256569515, 10.071363037152524
1732115446.9995434, 48.17392465053093, 11.586495036006612, 506.0295034646988, 14.246621148450945, 10.07246837411809
1732115447.9995415, 48.17391574673289, 11.586506665807851, 506.0010700263083, 14.24620815572618, 10.07305249062169
1732115448.9995403, 48.173901992213146, 11.586520903057862, 506.1936727911234, 14.24523030009305, 10.074435318786346
1732115449.9995365, 48.173892220284166, 11.586530460719752, 506.22795075178146, 14.24149254612563, 10.079718416391755
1732115450.9995346, 48.1738845674254, 11.586543573561295, 506.0855250554159, 14.242955447305128, 10.077651185726767
1732115451.9995317, 48.17387487077055, 11.586558698075729, 506.2562571419403, 14.242651364637892, 10.078080938376974
1732115452.9995298, 48.17386244506237, 11.586570241901962, 506.18078152183443, 14.241706453912188, 10.079416182284312
1732115453.9995284, 48.17384835802053, 11.586577654792013, 506.4674347201362, 14.239427078424518, 10.082636052805316
1732115454.999525, 48.173837155114136, 11.586580691929361, 506.14942543394864, 14.240270778643046, 10.08144441268333
1732115455.9995232, 48.17382826092665, 11.586585924858609, 505.8414976997301, 14.242207035283515, 10.078708848816877
1732115456.9995203, 48.17381403288049, 11.58659804840485, 505.8470191862434, 14.242309792260862, 10.078563641529946
1732115457.9995182, 48.17380726357224, 11.586604488675453, 505.7862633978948, 14.24199165865372, 10.07901319028489
1732115458.9995165, 48.17379439561995, 11.586616022267402, 505.99595900438726, 14.24249574798802, 10.078300856971978
1732115459.9995136, 48.17378378550789, 11.586623324513681, 505.8375758267939, 14.242817297121118, 10.077846433436381
1732115460.999512, 48.17377656907114, 11.586629375460253, 505.63461433909833, 14.243241070493184, 10.077247496361053
1732115461.99951, 48.1737654983711, 11.586639400355223, 505.5268983738497, 14.242376877268153, 10.078468841096667
1732115462.9995074, 48.173753979755794, 11.586650030218957, 505.63068451732397, 14.242266210603379, 10.078625227748287
1732115463.9995055, 48.173745676841264, 11.586661434860135, 505.90267378184944, 14.241962124920361, 10.079054922334377
1732115464.9995034, 48.17373480092546, 11.586670577054484, 505.85604636278003, 14.24123462954796, 10.080082813214524
1732115465.9995022, 48.17372393871261, 11.586680944019, 505.9074728246778, 14.242128990583282, 10.078819132749933
1732115466.9994988, 48.17371305159324, 11.586688771836249, 505.9115507565439, 14.241121466430673, 10.080242689214701
1732115467.9994965, 48.17370248963015, 11.586700491506157, 506.0005777971819, 14.241098199103053, 10.080275560648264
1732115468.999494, 48.17369009734171, 11.586713049052191, 506.10839582793415, 14.23904241291267, 10.083179283260465
1732115469.999493, 48.17367917270154, 11.586720064211603, 506.2163253510371, 14.240251364629891, 10.081471835364885
1732115470.9994903, 48.17366542652304, 11.586728746819485, 506.40358962584287, 14.240215527052703, 10.081522456364713
1732115471.999488, 48.1736538069418, 11.586736827840875, 506.3312890352681, 14.241068109620764, 10.080318069993693
1732115472.9994867, 48.17364288314704, 11.586745679781032, 506.5675526894629, 14.241825666967719, 10.079247738139905
1732115473.9932199, 48.173634315442634, 11.586751836500426, 506.57478277478367, 14.242231288599674, 10.078674576407922
1732115474.9932804, 48.17362495880822, 11.586762933334372, 506.68275171052665, 14.242100222080971, 10.07885978468299
1732115475.9934485, 48.173613149160126, 11.586773773735649, 506.6195112802088, 14.242248650169433, 10.078650042631994
1732115476.9935884, 48.17360305230553, 11.586782590868852, 506.4465524358675, 14.240748019057573, 10.080770265848077
1732115477.9937644, 48.17359072766203, 11.58679169662926, 506.2533825477585, 14.242149147177312, 10.078790649907138
1732115478.9940157, 48.17358108214484, 11.586798331268682, 506.3771416405216, 14.242338455386484, 10.078523136715928
1732115479.9942117, 48.173570432059655, 11.586810667433435, 506.3970877956599, 14.243674167421897, 10.076635326705883
1732115480.994412, 48.173561413382885, 11.586820991687029, 506.35360797308385, 14.243913160094904, 10.076297493760995
1732115481.9946733, 48.173550654242746, 11.586832600656349, 506.3837467925623, 14.245266494610837, 10.074384139619495
1732115482.9948778, 48.173538238249826, 11.586840433003209, 506.12707475107163, 14.24660374561499, 10.072492988854737
1732115483.9950538, 48.17352713251239, 11.586850477708689, 506.5477129863575, 14.248672573065047, 10.069566187313274
1732115484.9953005, 48.173514234877324, 11.586854587920733, 506.94221592880785, 14.248507026178526, 10.069800435959
1732115485.995483, 48.17350495435507, 11.586854251625567, 506.4754679668695, 14.250848055578327, 10.066487122721526
1732115486.995646, 48.17349148221839, 11.586860608580967, 506.2984490124509, 14.245890387025304, 10.07350189238871
1732115487.9958744, 48.173481084430044, 11.586862260552051, 505.9486567340791, 14.246698787428366, 10.072358559711128
1732115488.99609, 48.17347111967121, 11.586869151259963, 505.9743647556752, 14.24670554346145, 10.072349003733127
1732115489.9962943, 48.173458897728175, 11.586878334233726, 505.8832697868347, 14.24671131732927, 10.072340836954488
1732115490.996488, 48.173448302633005, 11.586893170551868, 506.1452235151082, 14.247834166486465, 10.070752447528431
1732115491.9966707, 48.17343568664776, 11.586909206204862, 506.6991568543017, 14.246387963138535, 10.072798186146708
1732115492.996844, 48.17342793536864, 11.586922391426517, 507.09117568749934, 14.247337541186353, 10.071455023113636
1732115493.9970086, 48.17341967767797, 11.586932780742485, 506.45079165510833, 14.246759836543212, 10.072272209137228
1732115494.9971657, 48.17341052384387, 11.58693983783847, 505.81147010438144, 14.247097322825208, 10.071794833546088
1732115495.9973128, 48.17340075743398, 11.586954833893254, 506.15916233416647, 14.246071007199426, 10.073246455484488
1732115496.9974537, 48.173387297402414, 11.586960896998944, 506.2369953831658, 14.245166067534138, 10.074526142875051
1732115497.9975882, 48.173372806022144, 11.586964359138284, 505.77811997476965, 14.244542843434427, 10.07540731070759
1732115498.997716, 48.17335792609749, 11.586969591520399, 505.6481244787574, 14.244883425354098, 10.074925781025438
1732115499.9978368, 48.17334575900861, 11.58697555650412, 505.59130574855953, 14.244924207564551, 10.074868119029667
1732115500.9979517, 48.1733388804834, 11.586979235140479, 505.481659617275, 14.244238480051653, 10.07583760381809
1732115501.9980617, 48.1733252206161, 11.586990738593686, 505.6450345320627, 14.243061547073722, 10.0775012310279
1732115502.998167, 48.173312842753056, 11.58699890040647, 505.71372782904655, 14.243125027402112, 10.07741151034781
1732115503.9982677, 48.17329933252831, 11.587008093799662, 505.7892224593088, 14.24377273452359, 10.076495997237394
1732115504.998364, 48.17329084530857, 11.587017300349446, 505.81283643562347, 14.240597086329165, 10.080983479796616
1732115505.998456, 48.1732885414393, 11.5870285881331, 505.59434387646616, 4.735222927848215, 3.376714506198208
1732115506.9985445, 48.173280850499474, 11.587046395296843, 505.3282742705196, 4.737523982901118, 3.3734853703885492
1732115507.998628, 48.17327048593233, 11.587063466282247, 505.6347713470459, 4.732864325031007, 3.3800195729666465
1732115508.9987102, 48.1732586127224, 11.587081406350677, 505.8153864303604, 4.732773493196778, 3.3801467564120347
1732115509.9987879, 48.173246726324074, 11.58708983419115, 505.75150390248746, 4.731501804634996, 3.381926626277486
1732115510.9988618, 48.17323313271883, 11.587099017978465, 505.96348579227924, 4.730040971743483, 3.3839694795338806
1732115511.9989343, 48.173222664707744, 11.587106269229492, 506.23629632312804, 4.7323628479391315, 3.3807216549479886
1732115512.9990036, 48.17321077500537, 11.587115111167362, 505.8096894994378, 4.736570642593119, 3.374823785105504
1732115513.99907, 48.173201543611874, 11.587127060366768, 505.873884556815, 4.736870499037184, 3.374402896534446
1732115514.9991348, 48.173182195337866, 11.587138239923554, 505.6449592774734, 4.733837371804073, 3.3786566517034458
1732115515.9991972, 48.173166475806596, 11.587133116457592, 505.60441098269075, 4.7240842254782995, 3.3922802454066097
1732115516.9992576, 48.173155704226346, 11.587129295340043, 505.8662718264386, 4.735279019167164, 3.37663584702646
1732115517.9993165, 48.173145396457194, 11.587139382904331, 505.6244002971798, 4.737621087135723, 3.3733489987719563
1732115518.999374, 48.17313240282702, 11.587166598813901, 506.38048288132995, 4.738034176477203, 3.3727687699163162
1732115519.9994287, 48.1731254352209, 11.587182900937995, 505.80532199144363, 4.734525185803008, 3.3776927476882537
1732115520.9994822, 48.173118217961765, 11.58719814316443, 505.9716546954587, 4.733435566680119, 3.3792195502625306
1732115521.999535, 48.173124764991414, 11.587205629492034, 506.16988272592425, 4.742103947159726, 3.3670442805405725
1732115522.9995856, 48.1731363709086, 11.587201419571027, 506.49338341131806, 4.747165820540634, 3.3599038237841876
1732115523.9996347, 48.17314151370986, 11.587200440252156, 506.9285543235019, 4.750457203280972, 3.3552486334971894
1732115524.9996824, 48.1731623751045, 11.587206585282335, 507.4006360890344, 4.75055104982722, 3.355115758923129
1732115525.9997294, 48.17317509821703, 11.587213543869588, 507.09869468118995, 4.764071065607714, 3.3358902731696998
1732115526.9997764, 48.17318495277933, 11.587222041610818, 507.2531737424433, 4.767862865309073, 3.3304685451743254
1732115527.9998217, 48.173195386625196, 11.587227949555428, 507.1799691161141, 4.771970443285444, 3.3245804428828243
1732115528.9998648, 48.173210910972735, 11.587234451069522, 507.11138066183776, 4.766977309868182, 3.3317359379144604
1732115529.9999073, 48.17322216580585, 11.5872353202058, 507.0113831907511, 4.769591299257545, 3.3279927690479676
1732115530.9999495, 48.173237227768375, 11.5872414627131, 507.0299631152302, 4.772271946843861, 3.3241476348315127
1732115531.999992, 48.17324830159138, 11.587249812927881, 506.80048885941505, 4.774546604342816, 3.3208796659540867
1732115533.000032, 48.173261581158336, 11.587257295386285, 507.1678068479523, 4.780417450146609, 3.3124229855383245
1732115534.0000722, 48.173277717335196, 11.587264616192906, 507.21250109095126, 4.79007567263669, 3.2984408564051897
1732115535.0001125, 48.17327609486552, 11.58725768367247, 506.72789424378425, 4.776445690490684, 3.318147615550249
1732115536.0001507, 48.173289396801955, 11.58725994143207, 506.5154484305531, 4.762213715952686, 3.338541231792854
1732115537.0001888, 48.17330982595221, 11.587266712451216, 506.4507028795779, 4.760397107503851, 3.3411310078561423
1732115538.0002272, 48.17332264417566, 11.587260819524982, 506.87064698524773, 4.760614751808711, 3.3408208897889344
1732115539.0002656, 48.17332856823233, 11.587263677918855, 506.6535172313452, 4.768040000530029, 3.3302149459358357
1732115540.0003018, 48.17334259914908, 11.587273388434138, 506.556621953845, 4.773437729354689, 3.322473367351796
1732115541.0003383, 48.17335334648914, 11.587280529078239, 506.69199274107814, 14.254178209335159, 10.061771060385627
1732115542.0003743, 48.17335933102656, 11.5872852545943, 506.571360334754, 14.248656026063065, 10.06958960166876
1732115543.000411, 48.17337401221251, 11.587290099498786, 506.779910903424, 14.248270828492615, 10.070134641256061
1732115544.000445, 48.17338958273588, 11.587295851223027, 507.18099128454924, 14.249951229859478, 10.067756614148218
1732115545.0004807, 48.17340023604698, 11.587304269808623, 506.94813671614975, 14.24487310749866, 10.074940369369955
1732115546.0005155, 48.1734118836868, 11.587313366195236, 506.6891848081723, 14.243613715081644, 10.076720777645722
1732115547.0005493, 48.17342128880225, 11.587323007413554, 506.77191362995654, 14.243656320951791, 10.076660553264114
1732115548.000584, 48.17342385460406, 11.587336297505923, 506.79061965830624, 14.245147539075555, 10.074552341670996
1732115549.0006185, 48.17342256607104, 11.587352334525562, 506.75318257696927, 14.246214423951708, 10.073043625532913
1732115550.000651, 48.17341854484825, 11.587369571959297, 506.4712482606992, 14.245109033553303, 10.07460678722882
1732115551.0006852, 48.173417935045734, 11.587392487741011, 506.2623877534643, 14.244783661088928, 10.07506683570252
1732115552.0007176, 48.17341650814729, 11.587410402064659, 506.23720169626176, 14.24613906589844, 10.073150202899846
1732115553.00075, 48.173414190711995, 11.587434303435138, 506.0018965257332, 14.244809258868456, 10.07503064380225
1732115554.0007834, 48.173412637839434, 11.587449035564605, 506.021307351999, 14.244398793620164, 10.07561096427464
1732115555.0008163, 48.17340825392651, 11.587472232412342, 506.1008586026728, 14.243012436513999, 10.077570641201502
1732115556.000848, 48.17340088359539, 11.587489335228645, 506.43830256164074, 14.242169742927153, 10.07876154637807
1732115557.0008807, 48.17339188384336, 11.587504195028627, 506.6359563758597, 14.241493505468746, 10.079717060949203
1732115558.0009131, 48.17338646112691, 11.587521167263157, 506.57532539591193, 14.241732068703325, 10.079379989779445
1732115559.0009444, 48.17338081890098, 11.587535525536518, 506.5846200324595, 14.241890107288796, 10.079156684316823
1732115560.0009766, 48.173372632393786, 11.587554013903661, 506.7244523996487, 14.24314125840699, 10.077388569870841
1732115561.0010085, 48.1733637534548, 11.587568186509591, 507.10806846711785, 14.241410314547538, 10.079834599228201
1732115562.0010397, 48.17335569754559, 11.587583899531376, 506.92096752114594, 14.241826204307594, 10.079246978886689
1732115563.001072, 48.17334810071925, 11.58760033280262, 506.77682418748736, 14.241739818690712, 10.07936903937039
1732115564.0011032, 48.17334275253107, 11.58761219022199, 506.66445939056575, 14.243373396958233, 10.077060462750104
1732115565.0011349, 48.17332862585815, 11.587627781392856, 506.5768507467583, 14.243358843334807, 10.07708103346872
1732115566.0011663, 48.17332044291385, 11.58764314159202, 506.7848710352555, 14.242732770654525, 10.077965891925937
1732115567.0011978, 48.17330807831045, 11.587655282702734, 507.27017608564347, 4.737713027436238, 3.3732198716433826
1732115568.001229, 48.173298291463745, 11.587670770699107, 507.21277652401477, 4.7437325622358175, 3.3647493830555115
1732115569.0012589, 48.173288853127694, 11.587685050912008, 507.07969036791474, 4.745048929427392, 3.3628927562633923
1732115570.0012906, 48.17327959528919, 11.58769909113999, 507.40338365733624, 4.747859813824419, 3.3589230745969743
1732115571.0013216, 48.17326995412414, 11.587708745949485, 506.98420693539083, 4.751226283227382, 3.354159483143006
1732115572.0013523, 48.173269335798764, 11.587715476002288, 507.11746640503407, 4.749480866679993, 3.3566305322196994
1732115573.0013833, 48.17325607085918, 11.587726982664195, 506.9383452953771, 4.751328025500108, 3.3540153587731347
1732115574.0014133, 48.17324628474076, 11.587734253726259, 507.21371473558247, 4.753123650865183, 3.351470213559247
1732115575.0014453, 48.17323681170145, 11.587744938756117, 507.0888421367854, 4.753609453048054, 3.350781132912297
1732115576.0014749, 48.17322851653426, 11.587754094566074, 506.90524328127503, 4.755587858171773, 3.3479726934367378
1732115577.0015054, 48.17322872223654, 11.587768577527134, 507.31210817955434, 4.756469875762977, 3.3467194913449445
1732115578.001537, 48.17322807316223, 11.587784646240568, 507.1603765748441, 4.755610685484197, 3.347940268418384
1732115579.0015674, 48.17322606561661, 11.587801858561386, 507.1912766350433, 4.755630782282543, 3.3479117215654837
1732115580.001598, 48.17322760823279, 11.587816967811218, 506.7550060432404, 4.75327984123511, 3.3512486902193284
1732115581.001628, 48.17322454405165, 11.5878365495712, 506.9873908860609, 4.755803024685621, 3.347667041863622
1732115582.0016594, 48.17322292306224, 11.587855220871152, 506.6379973888397, 4.759607103132602, 3.3422563122236038
1732115583.00169, 48.173227237370305, 11.587867778881995, 506.75039739441127, 4.75884178324999, 3.343345916112016
1732115584.001719, 48.17322942601523, 11.587886890503446, 506.9066956881434, 4.759130198428926, 3.342935354922481
1732115585.001749, 48.17323197141177, 11.58790835904736, 506.7051834082231, 4.7581432242990935, 3.3443400081100396
1732115586.0017815, 48.17323355819433, 11.587928528625959, 506.58274353388697, 4.761821936913833, 3.3391000095706977
1732115587.00181, 48.17323291306368, 11.587935459226712, 506.2859658319503, 4.764697601356046, 3.334995322398635
1732115588.001841, 48.17323385470264, 11.587952716562011, 506.2236427795142, 4.768028603109438, 3.3302312641495484
1732115589.0018709, 48.173234633637115, 11.587969817848336, 505.994086753577, 4.772687966543148, 3.323550301530437
1732115590.0019016, 48.17322677416228, 11.587987800001619, 506.22325654141605, 4.77562336780578, 3.319331029237097
1732115591.0019317, 48.1732256371963, 11.588009837938799, 506.2946192044765, 4.775302203467412, 3.3197930505301256
1732115592.001962, 48.173217204968374, 11.58802710168571, 506.4428970562294, 4.772319279141101, 3.324079681765616
1732115593.0019917, 48.173220347925565, 11.588051118122126, 506.7990074092522, 4.783260596543451, 3.3083160517616244
1732115594.0020218, 48.17322477597295, 11.588074273016602, 507.0194459557533, 4.793785916921081, 3.2930462516517967
1732115595.0020523, 48.17322606137189, 11.588089274967508, 507.2766925068572, 4.79691778055977, 3.28848245233852
1732115596.002082, 48.1732276833366, 11.588102748107756, 507.8149567693472, 4.7837996562031515, 3.3075365277044853
1732115597.0021133, 48.17323197542542, 11.588126249142672, 507.9181558666751, 4.7851572283167005, 3.305572164251943
1732115598.0021431, 48.17323347376589, 11.588154045419056, 507.91955319512635, 4.7782556491817605, 3.3155406774538947
1732115599.0021725, 48.173234084912856, 11.588165276690544, 507.43263182230294, 4.766572754714401, 3.3323146920426345
1732115599.9974926, 48.17323614160808, 11.588185464076851, 506.9088974157348, 4.770276208360127, 3.3270109601175295
1732115600.9975905, 48.173237086189, 11.588203727378884, 507.23991651274264, 4.78100310881963, 3.311577615917505
1732115601.9977565, 48.17324062784089, 11.588219847941335, 506.81131476256996, 4.783212690815245, 3.308385314199786
1732115602.9978619, 48.17323160271478, 11.588225899448938, 506.28234149795026, 4.7774239801098295, 3.3167389326053986
1732115603.997963, 48.17322794683492, 11.588246366672585, 506.08959996141493, 4.768439784155029, 3.3296424819605455
1732115604.9981227, 48.17322309207536, 11.58826480694216, 505.90789970289916, 4.77005671097696, 3.327325653862648
1732115605.9982116, 48.17321828824436, 11.588283795497203, 505.83455250784755, 4.762485270892447, 3.338153842668329
1732115606.998293, 48.17321303119904, 11.588308509926946, 506.03583762049675, 4.763194383435957, 3.337141935607922
1732115607.998433, 48.173213546716, 11.588324016148519, 505.9816208621487, 4.765897042275967, 3.3332810285384022
1732115608.9985037, 48.17321412785658, 11.588348359477529, 506.2200882891193, 4.7835768626425725, 3.307858738214115
1732115609.9985623, 48.173214056824065, 11.588373170965662, 506.80881077144295, 4.799177976741108, 3.285183066489897
1732115610.9986804, 48.17322176537524, 11.5883966265122, 507.100913066417, 4.788569956348704, 3.300626426292955
1732115611.9987314, 48.17322156588746, 11.588419731333712, 507.28220938146114, 4.791723219361419, 3.296046968995054
1732115612.9987774, 48.17322252916073, 11.58843953244998, 507.2034872705117, 4.796050526900818, 3.289747159920229
1732115613.9988837, 48.173225468929346, 11.588456806678778, 506.9951973427087, 4.802454529114392, 3.2803913682025043
1732115614.9989839, 48.1732334676434, 11.588471372731947, 506.47856031917036, 4.821959450496112, 3.2516525168843105
1732115615.9990788, 48.17323930379453, 11.588494357977266, 506.8122357958928, 4.822030388421292, 3.2515473187284907
1732115616.9991703, 48.17325177076606, 11.588518064550732, 506.6301894756034, 4.809571462255647, 3.2699479173596813
1732115617.999257, 48.17324559057071, 11.588530673010364, 506.6011592419818, 4.823840580074454, 3.248861199068959
1732115618.9993415, 48.17324218404324, 11.588541575334142, 506.53304756153375, 4.828028888740902, 3.242633818714677
1732115619.999421, 48.17322914755077, 11.588543832606756, 506.15191130246967, 4.827094473182163, 3.2440246576996077
1732115620.9994996, 48.17321970637665, 11.588558884735848, 506.579328160733, 4.82084154487711, 3.2533096735441136
1732115621.9995723, 48.17321573760708, 11.588570558537683, 506.59463040251285, 4.822040806451105, 3.2515318687826515
1732115622.9996448, 48.17321168931665, 11.588582682959121, 506.72033628541976, 4.8264252968459305, 3.2450201673879495
1732115623.9997127, 48.17321214449591, 11.588602826612279, 507.0946186548099, 4.830990914210078, 3.238219235877723
1732115624.9997787, 48.173219217941806, 11.58862469228978, 507.18827869929373, 4.831831499086114, 3.2369648433722706
1732115625.999844, 48.17322072177679, 11.588631055090772, 507.06170058902353, 4.840543183715245, 3.2239228773928077
1732115626.9999063, 48.17322819529121, 11.58864386206399, 507.1299871439114, 4.8519540676677355, 3.206723991557638
1732115627.9999661, 48.17323343661527, 11.588665834774934, 506.9764015423134, 4.86450295013771, 3.1876555775193713
1732115629.0000248, 48.17324086938686, 11.588678913666694, 507.44766578357667, 4.858330605119379, 3.1970550142512724
1732115630.0000806, 48.173239415175516, 11.58870150224108, 507.642288367264, 4.850085067911834, 3.2095501034891942
1732115631.0001354, 48.173229741791474, 11.588717629428004, 507.7303696386516, 4.844423910000187, 3.21808856512796
1732115632.0001888, 48.173220017017954, 11.588732496750579, 507.6996255274862, 4.8456034017757545, 3.2163122835769644
1732115633.0002408, 48.1732171685147, 11.5887498364164, 507.41472198814154, 4.836166705210888, 3.230484272086539
1732115634.0002906, 48.17321959747607, 11.588776810004749, 507.79928455594927, 4.842265287352962, 3.2213357353255456
1732115635.0003405, 48.173215193661456, 11.588795990232825, 508.0068652043119, 4.8398392084471755, 3.224979607558202
1732115636.0003884, 48.17321011407905, 11.588818065779732, 507.91781546454877, 4.83575714361139, 3.231097318373472
1732115637.0004346, 48.173203431949766, 11.588830354494963, 507.8738253628835, 4.833398179439095, 3.2346250280030406
1732115638.0004802, 48.17319519153945, 11.58884107537209, 507.92462043184787, 4.834881805160051, 3.2324069921532343
1732115639.0005255, 48.1732000740835, 11.588857233900658, 507.94414774980396, 4.818203529557883, 3.2572153414450193
1732115640.0005698, 48.173196782677486, 11.588873172198088, 508.05557197052985, 4.812881282636658, 3.265074393032194
1732115641.0006123, 48.17318877973634, 11.588883895513332, 507.9642440872267, 4.809259909183326, 3.2704061152570683
1732115642.0006537, 48.17318455288468, 11.588900543789098, 507.515812497586, 4.807955079292485, 3.2723240958521247
1732115643.0006957, 48.173175773712195, 11.588914660720306, 507.82752814888954, 4.81613934764192, 3.260266678798546
1732115644.0007367, 48.17316548753798, 11.588922688432959, 508.1274522738531, 4.830768248528632, 3.2385513986652184
1732115645.0007772, 48.173155645448226, 11.588935217509698, 507.8295209268108, 4.85700396363292, 3.199070103958795
1732115646.0008154, 48.173147131014545, 11.58895745007286, 507.6934674726799, 4.902265500292328, 3.1292698824857603
1732115647.0008545, 48.173143382237605, 11.58897758320364, 507.46302853152156, 14.324092794934842, 9.961987698104965
1732115648.0008922, 48.17314234047188, 11.588995569742472, 507.504213090986, 14.358040842385355, 9.912996341343668
1732115649.0009308, 48.173134112205574, 11.58902298715018, 507.31672949902713, 14.423192679124558, 9.817960390832033
1732115650.000968, 48.1731355745685, 11.589047351349247, 507.13592425268143, 14.424691996320606, 9.815757439259754
1732115651.0010047, 48.173152605695506, 11.589064809231267, 506.9272547485307, 14.404386623508211, 9.845530930102074
1732115652.0010405, 48.17315929672658, 11.589090629678338, 507.1446132790297, 14.36693097398154, 9.900107458202095
1732115653.001077, 48.17316356553876, 11.589107672894391, 507.53064260445535, 14.350658616181976, 9.92368029396861
1732115654.001113, 48.17316311729343, 11.589120070393433, 507.571309780702, 14.34515428600115, 9.931635404399506
1732115655.0011482, 48.17316233599005, 11.58914587791129, 507.48905119951814, 14.341204063590519, 9.937338642793337
1732115656.001183, 48.173166859409186, 11.58916056825863, 507.86531362403184, 14.3298366687033, 9.953723642104256
1732115657.0012171, 48.17316270894014, 11.589178875498487, 507.5817220499739, 14.313135910214797, 9.977723874252012
1732115658.0012512, 48.17316037054134, 11.58919090761974, 507.81380475405604, 14.3054443857337, 9.988748381142607
1732115659.0012863, 48.17316775585216, 11.58921021334838, 507.73585202079266, 14.300820775409903, 9.99536684893073
1732115660.00132, 48.173176483020015, 11.589220617339443, 507.351749220863, 14.293950125255744, 10.005189808884197
1732115661.0013533, 48.173172098857094, 11.58923639605074, 507.1648213136941, 14.290771457535229, 10.009729489031928
1732115662.0013871, 48.173168159043804, 11.5892494889626, 507.22346775699407, 14.287225639633798, 10.014789903801752
1732115663.0014193, 48.17317334627029, 11.589270488870405, 506.7878419868648, 14.281897066123175, 10.022387414571497
1732115664.001453, 48.17317096120435, 11.589287327748073, 506.75608723890036, 14.28099229352107, 10.023676591325694
1732115665.0014853, 48.173173875580986, 11.589301888564274, 506.9995048828423, 14.280151024186269, 10.02487506263947
1732115666.0015182, 48.17317604971479, 11.589317169210007, 507.1841522566974, 14.281375061204502, 10.023131230124896
1732115667.0015504, 48.173178683602096, 11.589336213608295, 507.300233730115, 14.28127208737367, 10.023277949927389
1732115668.0015824, 48.1731819847267, 11.589357867469003, 507.3110073180869, 14.281036971182745, 10.023612937599419
1732115669.0016153, 48.173186572009435, 11.58937939074843, 507.4064580705017, 14.280887520263054, 10.023825862847673
1732115670.0016465, 48.1731882319725, 11.589391495586195, 507.3272441998124, 14.276341180041708, 10.03029988615217
1732115671.0016785, 48.173197258919906, 11.589406204530997, 507.7549475301057, 14.275113480596133, 10.032047069825852
1732115672.001711, 48.17320109884774, 11.5894125375208, 507.7624518275261, 14.274843246148972, 10.032431589249637
1732115673.001742, 48.173205500133456, 11.589428650460743, 507.2121306201443, 14.270503258295918, 10.038603989104484
1732115674.0017729, 48.173212295953945, 11.589441971643865, 507.20444212667644, 14.267997393170754, 10.042165288600437
1732115675.0018053, 48.173217511654784, 11.589457314701715, 507.08510306850076, 14.263319717482661, 10.048808085139711
1732115676.0018375, 48.173223306555116, 11.589475229703547, 507.3110548630357, 14.261256022277882, 10.051736663987063
1732115677.0018678, 48.173227499608494, 11.589484235234147, 506.8947158968076, 14.260320612181905, 10.053063678942792
1732115678.001899, 48.17323722872828, 11.58949750333299, 506.9757624361664, 14.259717690692396, 10.053918871606896
1732115679.00193, 48.17324162921712, 11.58951282795698, 506.69771425426006, 14.26592537435639, 10.045108586192255
1732115680.0019608, 48.17324267854208, 11.58951877059731, 506.3886999776587, 14.26554789324278, 10.045644658293234
1732115681.0019913, 48.173260526066414, 11.58953409636298, 505.84577015787363, 14.265269024299997, 10.046040660849725
1732115682.0020223, 48.17327019558054, 11.589553343858887, 505.98805501591414, 14.270876273333096, 10.038073703969173
1732115683.002055, 48.17327594221249, 11.58957515291833, 506.4606700632721, 14.274950374528224, 10.032279157791388
1732115684.0020847, 48.17328520603955, 11.589594179692035, 506.42711978033185, 14.268775373661875, 10.04105983604716
1732115685.0021157, 48.173290093821116, 11.589613490566522, 506.35402288939804, 14.268776007161925, 10.041058935816437
1732115686.0021458, 48.17329333070853, 11.589628398448529, 505.95074268151075, 14.267746826396868, 10.042521286656106
1732115687.0021768, 48.17329551727644, 11.589649176354285, 505.8463192554191, 14.26749315268151, 10.042881679741384
1732115688.0022085, 48.17329920945728, 11.589663258960247, 506.00807084236294, 14.264749072529222, 10.046778946153617
1732115689.002238, 48.17330071721465, 11.58968045059607, 506.1488123303279, 14.262925523648724, 10.049367582188875
1732115690.0022688, 48.17331019475964, 11.589695801883781, 506.16233585588634, 14.261535851705858, 10.051339634377468
1732115691.0022988, 48.17331767701286, 11.589715064317916, 506.0159566057846, 14.259006853262745, 10.054926993952021
1732115692.00233, 48.17331993517796, 11.589730120648552, 505.7830559015274, 14.255710099401906, 10.059600531676665
1732115693.0023608, 48.173323037490185, 11.589743210278055, 505.6004650676623, 14.254827294657808, 10.06085145972137
1732115694.0023904, 48.17333227183207, 11.58976328586634, 505.74813950806856, 14.254804325588639, 10.060884003619082
1732115695.002421, 48.17332366526307, 11.589785162840894, 505.83417625911534, 14.250833902899762, 10.06650715824817
1732115696.0024514, 48.1733209693042, 11.589807049640562, 505.3689244845882, 14.248243812230003, 10.070172866557373
1732115697.0024815, 48.17332089993683, 11.589826438083525, 505.0850522238761, 14.24650650924662, 10.072630519238388
1732115698.0025125, 48.17331771400177, 11.589849984576746, 505.3583720624447, 14.245089253091434, 10.074634755987825
1732115699.0025425, 48.17331645124273, 11.5898695477017, 505.34137838333845, 14.244116670396954, 10.076009804243867
1732115700.0025725, 48.17331768190979, 11.589885307020124, 505.3991983802989, 14.24385926557063, 10.076373678944055
1732115701.0026026, 48.17331828225949, 11.589906378150522, 505.8780250856653, 14.24398124911791, 10.076201242029473
1732115702.002633, 48.17332131494581, 11.589924591300258, 505.74522351287305, 14.243916025407252, 10.076293443337457
1732115703.0026634, 48.17331959789333, 11.589938869280111, 505.53212252352387, 14.243359056544847, 10.077080732108918
1732115704.0026937, 48.17332371681435, 11.589957755720507, 505.3552698921412, 14.243156452903856, 10.077367094296116
1732115705.0027237, 48.173332779565484, 11.589971342360881, 505.3907457953319, 14.242533956222283, 10.078246861481123
1732115706.0027537, 48.17333671464574, 11.589993998803784, 505.7287672786042, 14.24154075320807, 10.079650304936806
1732115707.0027833, 48.17334761788692, 11.590003295928534, 505.81496320292354, 14.243482813246526, 10.076905807034706
1732115708.0028136, 48.17335791428844, 11.59001879501322, 505.88334647007287, 14.245040486394547, 10.074703709592612
1732115709.002844, 48.173368228054066, 11.590028607673892, 506.41848174855113, 14.247093057551536, 10.071800867003166
1732115710.0028744, 48.1733761331098, 11.590035761898967, 506.1317957723513, 14.247671546750526, 10.070982513688243
1732115711.002904, 48.17338819319263, 11.590047594390505, 505.707216437906, 14.247502933864125, 10.071221050331088
1732115712.002935, 48.173397225870616, 11.590059096299687, 505.68038732372224, 14.247207997026589, 10.071638277090798
1732115713.0029652, 48.17339730281969, 11.590072594030918, 505.35143151972443, 14.248825166496916, 10.069350260553211
1732115714.0029953, 48.173402493971906, 11.590097830869277, 505.41682730428874, 14.247847227817417, 10.07073396867748
1732115715.003025, 48.17340192270984, 11.59011517466947, 505.5563237965107, 14.246177671487006, 10.073095604009922
1732115716.003056, 48.173404327901864, 11.590133543625315, 505.77605924755335, 14.246454541789609, 10.072704020461497
1732115717.0030854, 48.1734084359191, 11.590153401813616, 505.84737585671246, 14.245731468256281, 10.073726630668101
1732115718.0031157, 48.17340948621934, 11.590173491073461, 505.5153780132532, 14.245945514017011, 10.073423931650918
1732115719.0031462, 48.173414923158724, 11.59019097881822, 505.36600432079285, 14.245864096310328, 10.073539072468785
1732115720.0031757, 48.173415150672426, 11.590209710785581, 505.340771632269, 14.246346903274134, 10.072856258612568
1732115721.0032053, 48.17341860885117, 11.590232985761302, 505.56901062466204, 14.246782292055547, 10.07224044678598
1732115722.0032363, 48.1734218633708, 11.590251543474542, 505.7004978880286, 14.246317277079982, 10.07289815970912
1732115723.003266, 48.173424762210914, 11.5902698735024, 505.7034803349525, 14.245986907703827, 10.07336539199438
1732115724.0032954, 48.17342643981465, 11.590291849419339, 505.8217315347865, 14.246459990914955, 10.072696313418684
1732115725.003326, 48.173427723574854, 11.590302040045032, 505.5441296091303, 14.245938617771179, 10.073433684389586
1732115725.9984612, 48.17343063324266, 11.590326245678446, 505.8643703935668, 14.24615688288667, 10.073125004847288
1732115726.9985023, 48.17343673155865, 11.590347755689484, 505.9459239169955, 14.245728586400622, 10.073730706034732
1732115727.998616, 48.17344060741708, 11.59036490421713, 505.95318798720837, 14.244359142266825, 10.075667021156388
1732115728.998667, 48.17344460563352, 11.590382432009447, 505.9559517148882, 14.244392660621742, 10.07561963479787
1732115729.9987152, 48.17344362914828, 11.590403779785198, 506.08689575176686, 14.243545851078844, 10.076816703866037
1732115730.9988256, 48.17344622774237, 11.590422770234056, 506.07509967591614, 14.243497535154692, 10.076884997911863
1732115731.9988637, 48.173448503074425, 11.590445577948561, 505.85754908435047, 14.245277330445479, 10.07436881763791
1732115732.9989004, 48.17344889062201, 11.590466842778937, 506.15567499399185, 14.246059235764735, 10.073263103194577
1732115733.9989998, 48.173450323071954, 11.590491624349829, 506.16860102582723, 14.244470134543969, 10.07551010525938
1732115734.9990237, 48.17345057584133, 11.590514081939652, 506.565531690605, 14.24276803188062, 10.07791605864716
1732115735.9990425, 48.17345077796539, 11.590534718191991, 506.6852909941226, 14.24268925784561, 10.07802738632656
1732115736.999128, 48.1734489625799, 11.590556605497534, 506.8175312494859, 14.242708269764504, 10.07800051783491
1732115737.9991455, 48.173452892732485, 11.590577268984976, 506.8772186366841, 14.242023801011731, 10.07896777187596
1732115738.9991612, 48.17345156484147, 11.590598410166558, 507.09334567934275, 14.242750704095661, 10.077940547357949
1732115739.999243, 48.17345171067401, 11.59062057680991, 507.2988828420639, 14.242872534846047, 10.077768366619024
1732115740.999321, 48.17345005305516, 11.590639445406165, 507.49908793345094, 14.24264890212414, 10.078084418475614
1732115741.999396, 48.173449467652965, 11.59065992715393, 507.3939162893221, 14.242270409515227, 10.078619294196296
1732115742.9994683, 48.17344980195554, 11.590680360760034, 507.3052244046703, 14.241961541368708, 10.079055746907725
1732115743.9995372, 48.173449212558815, 11.590699776757956, 507.31439613737166, 14.241872861251638, 10.079181052994482
1732115744.9996057, 48.17345288855123, 11.590715132128496, 507.43836939614266, 14.241730036908194, 10.079382860618296
1732115745.9996696, 48.17345386597976, 11.590734379158702, 507.54019663576037, 14.238678538372389, 10.083693111950225
1732115746.999732, 48.17345454068438, 11.59075215714235, 507.62720520049334, 14.238100820112528, 10.084508829457675
1732115747.9997923, 48.17345326371644, 11.59077076063449, 507.4804637907073, 14.238313364213685, 10.084208736314066
1732115748.999851, 48.17345198798374, 11.590785887249229, 507.2839312599972, 14.239109801672539, 10.083084119009019
1732115749.999908, 48.17344983939449, 11.5908057123217, 507.4436845360324, 14.240116902061876, 10.081661763355811
1732115750.9999638, 48.17345362672617, 11.590819115278961, 507.7932227170095, 14.241166922579042, 10.080178469567862
1732115752.0000172, 48.173455753412775, 11.59083824368942, 507.80338384304196, 14.242225768136894, 10.078682377400149
1732115753.0000694, 48.173454962283614, 11.590856301113915, 508.0177770862356, 14.243524504796826, 10.076846876694676
1732115754.0001197, 48.17345512118179, 11.590860620892089, 507.9445928353816, 14.25036636078373, 10.06716901013102
1732115755.0001693, 48.173453106387015, 11.59084082687924, 507.93048738129437, 14.254853751330819, 10.060813974190587
1732115756.000218, 48.17345684794725, 11.590848271247546, 507.6598521731794, 14.266558116663939, 10.044209914122128
1732115757.0002642, 48.173459717108976, 11.59089451672906, 507.4130300814286, 14.301493390876606, 9.994404438775312
1732115758.0003104, 48.173459223940405, 11.59092145223016, 507.2499202294275, 14.372231856384623, 9.892410462643669
1732115759.0003557, 48.17346071282513, 11.590950883219802, 507.6443259054795, 14.447329494420059, 9.782407872030237
1732115760.000399, 48.17346293373044, 11.590982227321955, 507.89927573502064, 14.535557163468516, 9.650824381504309
1732115761.0004425, 48.17344415557002, 11.591010262633509, 507.8752763476223, 14.636359551959032, 9.497252884959762
1732115762.000485, 48.17343500404405, 11.591053899708424, 507.54578096512705, 14.516016761656575, 9.680190631924782
1732115763.0005271, 48.17344115674752, 11.591057871901889, 507.21744992025197, 14.40726083648651, 9.841324528971748
1732115764.000568, 48.173443429008096, 11.591084025159232, 507.2135670473799, 14.331695454935378, 9.95104711485598
1732115765.0006075, 48.173451921429496, 11.59110729231243, 507.24218540173024, 14.297053048332653, 10.0007553428859
1732115766.000648, 48.17345640822346, 11.59113150733203, 507.71431076992303, 14.276148006310683, 10.030574828842585
1732115767.0006862, 48.17345901693645, 11.591155709857434, 507.5554324015975, 14.265602935512174, 10.045566493802395
1732115768.0007246, 48.17345441786453, 11.591176920349156, 507.69912188500166, 14.257396691261844, 10.057209994978464
1732115769.0007625, 48.1734506264691, 11.591200191365198, 507.60389014333487, 14.2529592999407, 10.063497627034687
1732115770.0008006, 48.173452646725494, 11.591216356445498, 507.4559187274426, 14.250312925608679, 10.067244648727334
1732115771.0008368, 48.173446787094946, 11.591237151902986, 507.3801963897422, 14.248980019564259, 10.069131129206605
1732115772.0008745, 48.17344743643235, 11.591254850383722, 507.4248073855415, 14.24801869085036, 10.070491382265203
1732115773.0009098, 48.173454151734234, 11.591276504281323, 507.6467835009098, 14.246213915669772, 10.073044344391414
1732115774.0009456, 48.173459485011, 11.591293351525891, 507.2889191247523, 14.246140599303592, 10.073148034252887
1732115775.0009801, 48.17345968862241, 11.59131402895495, 506.94129527918994, 14.24466804008634, 10.075230306193586
1732115776.001016, 48.173462660773005, 11.591333108994544, 507.35096807032824, 14.243664254400704, 10.07664933909117
1732115777.0010512, 48.173466807222674, 11.591349429064822, 507.3719859337434, 14.24318230217182, 10.077330559339531
1732115778.001085, 48.17346942947014, 11.591368418739144, 507.458943720907, 14.24269155984073, 10.078024133050116
1732115779.0011196, 48.173471518731965, 11.591390250653776, 507.37875504978, 14.242131886320264, 10.078815040854678
1732115780.0011525, 48.17347246648402, 11.59140639045919, 507.33256623893976, 14.242627956971985, 10.078114018722893
1732115781.0011864, 48.17347603244239, 11.59143025829952, 507.5478778919205, 14.240776203702472, 10.080730450277915
1732115782.0012207, 48.17347698223174, 11.591446116995709, 507.4089669091627, 14.241397318331504, 10.079852961056483
1732115783.0012546, 48.173481592543226, 11.59146563700446, 507.55997206643224, 14.2400002776741, 10.081826490618676
1732115784.0012867, 48.17348168075721, 11.591482064299324, 507.43915507011116, 14.2370508559543, 10.085991087645766
1732115785.0013192, 48.17348394069172, 11.591503043651851, 507.63885262142867, 14.236540326561814, 10.086711695358314
1732115786.0013514, 48.17348591847205, 11.591520096182165, 507.58190474193543, 14.236438035563202, 10.086856068898193
1732115787.001384, 48.17348418126001, 11.591540730811818, 507.84724726341665, 14.237108762796842, 10.085909347767918
1732115788.0014162, 48.17348706435048, 11.591558288176046, 507.5314297573641, 14.237124206068506, 10.085887548256581
1732115789.0014482, 48.17349263143419, 11.591576620401703, 507.8646389609203, 14.237455294470665, 10.085420171368572
1732115790.001481, 48.173496277062505, 11.591588537994065, 507.68703898601234, 14.239605329401456, 10.082384309179082
1732115791.0015125, 48.1734981900073, 11.591605580947746, 507.67968116886914, 14.239515146815425, 10.082511675109185
1732115792.0015445, 48.173495931764045, 11.591622560163891, 507.4169074250385, 14.239061582889194, 10.08315221216996
1732115793.0015755, 48.173497201365024, 11.591642351753734, 507.282416831702, 14.238581596887187, 10.083829996776247
1732115794.001607, 48.173499153754626, 11.591661280006443, 507.31302750110626, 14.239385813975309, 10.082694329188884
1732115795.0016387, 48.17350173055568, 11.591681142549737, 507.68412479944527, 14.240289940229182, 10.081417346450174
1732115796.0016704, 48.17350450032966, 11.591699228424158, 507.6294331904501, 14.241268912338574, 10.080034377994837
1732115797.0017018, 48.173503728253046, 11.591719836695082, 507.69153505563736, 14.240906780499675, 10.080545985422484
1732115798.0017326, 48.17350383039091, 11.591741789349284, 507.79273914918303, 14.242362775297675, 10.078488769250775
1732115799.0017633, 48.17350436974862, 11.591759950723777, 507.6657196264714, 14.244177937697714, 10.075923192159843
1732115800.0017953, 48.173506824878736, 11.591779058798567, 507.70169800613075, 14.244825520268115, 10.075007652216309
1732115801.0018263, 48.17350329402363, 11.591798067501633, 507.8277573045343, 14.245170030039404, 10.074520539974401
1732115802.0018573, 48.17351636667745, 11.59180369591481, 505.79438928794116, 14.245610310708486, 10.073897963079386
1732115803.0018878, 48.1735260107764, 11.591811528781152, 505.25978702958673, 14.251965093753627, 10.064905576384067
1732115804.0019188, 48.17354023240492, 11.591810452277668, 505.0673346295953, 14.259826892245677, 10.053763986601531
1732115805.0019503, 48.17355261475934, 11.591805235954276, 506.46844978351146, 14.268753795199506, 10.041090499894848
1732115806.00198, 48.17355534118778, 11.591803893156637, 508.08117108326405, 14.283226172855892, 10.020493171004281
1732115807.0020108, 48.173552006601, 11.591807764713868, 508.60920127574354, 14.320252047131333, 9.967507943399383
1732115808.0020409, 48.17355479489277, 11.591807326367807, 508.6859038490802, 14.388732030112317, 9.868395201891682
1732115809.002072, 48.1735345489168, 11.591822690646856, 508.445162313059, 14.496877112839087, 9.708830376020643
1732115810.0021029, 48.17352821951996, 11.591835596271865, 508.2971573090181, 14.743972165842445, 9.329314983853967
1732115811.002133, 48.17347846686936, 11.591854287287054, 508.91027061175555, 14.58486563315613, 9.576143678844845
1732115812.0021634, 48.17343124755621, 11.591903334483522, 508.00042896252126, 14.441727923521515, 9.79067555779875
1732115813.0021944, 48.17343345235547, 11.59196334059197, 507.62928547151387, 14.330311558777014, 9.953039933783089
1732115814.002224, 48.17341773751432, 11.592014178457926, 507.5127498200163, 14.283517350589916, 10.02007811299372
1732115815.002255, 48.173414285738126, 11.592043133913684, 507.50424372404814, 14.269044674084526, 10.040677137727265
1732115816.002285, 48.17340226085031, 11.592065260229006, 507.5671779261902, 14.258146550828908, 10.056146887858425
1732115817.0023155, 48.17338938557394, 11.592086626016025, 507.4715249193832, 14.252151835860198, 10.064641143264156
1732115818.0023456, 48.173378904258556, 11.592105538567992, 507.3903709165752, 14.248501502715829, 10.069808251511231
1732115819.002376, 48.17336552422382, 11.592128824057063, 507.48530754540116, 14.246286825944559, 10.072941227269094
1732115820.002406, 48.17335523252519, 11.59215002134695, 507.51999490056187, 14.24360567465758, 10.076732142910284
1732115821.0024362, 48.17334508351572, 11.592164497261402, 507.31293225102127, 14.244020649644675, 10.07614554418479
1732115822.0024667, 48.173336873236025, 11.592182380322873, 507.15547308232635, 14.243036761566467, 10.07753626159515
1732115823.0024977, 48.173327295923926, 11.592200517211586, 507.12972262781113, 14.243142641313405, 10.07738661530353
1732115824.0025277, 48.17331942601342, 11.592213575180601, 506.99188588839024, 14.24291994699704, 10.077701358868143
1732115825.0025568, 48.173310136777545, 11.59222960115778, 507.18750612437725, 14.242266423514549, 10.078624926880105
1732115826.0025883, 48.17329950320941, 11.592244456851303, 507.41170012392104, 14.241943567762938, 10.079081144020755
1732115827.0026183, 48.17328965778863, 11.592258869046088, 507.5806707618758, 14.241718494504562, 10.079399169513312
1732115828.0026486, 48.17327873317052, 11.592269571574231, 507.4158137748018, 14.241914764675606, 10.079121843236834
1732115829.002678, 48.17326728439889, 11.592280258956833, 507.5288025820628, 14.242201188970396, 10.07871711022733
1732115830.0027094, 48.17325621990907, 11.592289599085076, 507.7374179661274, 14.243679412684616, 10.076627912340681
1732115831.0027394, 48.17324673076905, 11.5923002327701, 507.47483259253204, 14.244282012935052, 10.075776060982792
1732115832.0027685, 48.173237600829566, 11.592313655228503, 507.4716678066179, 14.243936168988714, 10.076264968175167
1732115833.002799, 48.17322951667697, 11.592331625402153, 507.6090542562306, 14.244426752350325, 10.075571437493029
1732115834.0028296, 48.17322952721045, 11.592346527944638, 507.62339504715055, 14.246013742619674, 10.073327441326937
1732115835.0028596, 48.17322403357068, 11.592358349319872, 507.2425815491006, 14.249335246832924, 10.068628422901691
1732115836.0028894, 48.17322285535903, 11.592362757133547, 507.51880679186434, 14.25922299495227, 10.0546204739574
1732115837.0029192, 48.17322067144593, 11.592361854253138, 507.71888109482825, 14.264173022878625, 10.047596790699785
1732115838.0029492, 48.17321960232772, 11.592372341674286, 507.8688971120864, 14.266407793291258, 10.044423426489816
1732115839.0029793, 48.173218249900856, 11.59238650536425, 507.67103768512607, 14.26665046321602, 10.044078745983477
1732115840.0030096, 48.17322017699487, 11.592401069812636, 506.88402529247105, 14.266277124856845, 10.044609016377155
1732115841.0030406, 48.17322514663094, 11.592404286478327, 507.21775339357555, 14.271586958798025, 10.03706326435004
1732115842.0030694, 48.173232163318175, 11.592420764709964, 507.2677858956158, 14.283588716758237, 10.01997638049091
1732115843.0031, 48.17324195087403, 11.59242361011753, 507.8652746845037, 14.300506120951523, 9.995817024121989
1732115844.00313, 48.17322656683973, 11.592450488601626, 507.5448855217546, 14.322693275218775, 9.96399973098664
1732115845.00316, 48.173222345863266, 11.592463687693678, 507.90672404691577, 14.378363108545203, 9.88349673010141
1732115846.0031893, 48.173222998358526, 11.592475311787412, 508.28427028562874, 14.445069353295958, 9.78574497284539
1732115847.00322, 48.173221005914336, 11.592488419526545, 508.3453595601022, 14.56126913530127, 9.611985979204379
1732115848.0032501, 48.17321973341907, 11.592500293297705, 508.5212874598801, 14.692889318766287, 9.40956092289021
1732115849.0032806, 48.17317131743874, 11.59258404544833, 508.4358016708866, 14.80075199595554, 9.238970378203247
1732115850.0033097, 48.173185015594676, 11.59258113373655, 508.2607418792322, 14.916999208026136, 9.05008110034637
1732115851.0033402, 48.17320185305684, 11.592620780145763, 508.0848178267479, 15.088062803622813, 8.761917263306733
1732115851.9982169, 48.17317957463137, 11.592638796961655, 507.9291188493371, 14.757663719888326, 9.307641743524016
1732115852.998273, 48.17310636812585, 11.592676114145178, 507.6481436928734, 14.40336284039483, 9.847028596639309
1732115853.9984012, 48.17307308227501, 11.592701211877944, 507.3842476801947, 14.308730363358082, 9.984040699226613
1732115854.998462, 48.17306299943733, 11.592730481447068, 507.2832003980875, 14.27734601331896, 10.02886953305626
1732115855.998524, 48.17305110437699, 11.592751172511901, 507.2228230461478, 14.266646079950396, 10.044084971988982
1732115856.9986506, 48.17304807214532, 11.592769576516579, 507.20878063794225, 14.256101646136793, 10.059045638136588
1732115857.9987028, 48.1730410320672, 11.592795612429482, 507.479178937152, 14.252885215935907, 10.063602551594265
1732115858.9987469, 48.173035649617695, 11.59282195394666, 507.6810968024656, 14.250853454065794, 10.066479480227432
1732115859.9988565, 48.17303678722745, 11.592842129704314, 508.04635117854923, 14.249260278588999, 10.068734518703167
1732115860.9988918, 48.17304126650499, 11.592844077628506, 507.0396787021309, 14.24669796283595, 10.07235972604359
1732115861.9989269, 48.173044039254975, 11.5928482992582, 507.0043595088646, 14.248110520920175, 10.070361457204141
1732115862.9990282, 48.17304177556419, 11.592850691326348, 507.08366538211703, 14.249500792639909, 10.068394134898256
1732115863.9990551, 48.17303694416609, 11.592877749107595, 507.2613087017089, 14.251405705952445, 10.065697626068697
1732115864.9990773, 48.17303128744479, 11.592904379880554, 507.6619629021734, 14.253309860037273, 10.063001109453541
1732115865.999165, 48.173020295683365, 11.592918518741806, 507.77207710500807, 14.25433606662588, 10.061547425460336
1732115866.9992466, 48.17301104046005, 11.592930250446598, 508.23594866134226, 14.255812471368634, 10.05945545624958
1732115867.9993238, 48.173002054397635, 11.592947133984584, 508.0998922428116, 14.25717760620935, 10.057520569210956
1732115868.9993987, 48.17299069276638, 11.592954363089069, 507.76403492037207, 14.256452228038887, 10.058548760370153
1732115869.9994698, 48.172981400011295, 11.592961806754914, 508.34446987044066, 14.2577499328661, 10.05670921061933
1732115870.9995391, 48.17298461693365, 11.59296138986219, 507.9203701764345, 14.257088477838352, 10.057646913179436
1732115871.9996066, 48.17298535480591, 11.592959494674902, 507.9417258501053, 14.257739622482955, 10.0567238279958
1732115872.9996705, 48.17298535480591, 11.592959494674902, 507.9417258501053, 14.258595853160593, 10.055509812601768
1732115873.9997332, 48.17298606562861, 11.592958483944807, 508.4983392385766, 14.25921783390531, 10.054627793227139
1732115874.999793, 48.172984727697504, 11.592956744517885, 508.3431144198403, 14.259593664270957, 10.054094778993406
1732115875.9998522, 48.172983549975335, 11.592957494457432, 508.4749537175521, 14.260086838270622, 10.053395280206578
1732115876.9999084, 48.172981901945406, 11.592954773327811, 508.6016117213294, 14.26034680260995, 10.053026527588152
1732115877.9999628, 48.17297972596021, 11.592947556186381, 508.62676237151027, 14.25872747930355, 10.055323165669648
1732115879.0000172, 48.17297353751183, 11.592935578900011, 508.2619411563501, 14.255690093733381, 10.059628882147237
1732115880.000069, 48.172968500056605, 11.592926340660071, 508.4531996054575, 14.251298276885493, 10.06584972659236
1732115881.000119, 48.17296841994346, 11.592916886044387, 508.2363658454269, 14.249389656233104, 10.068551421129852
1732115882.0001683, 48.17296979539578, 11.59291634465266, 508.13519925344735, 14.247801978047969, 10.070797986725346
1732115883.000218, 48.17296653451691, 11.59293179804734, 508.14906385261565, 14.247319078678627, 10.071481140597886
1732115884.0002637, 48.17296594970122, 11.592943150397659, 508.68330535292625, 14.247274931375598, 10.071543591967188
1732115885.0003104, 48.172967021970095, 11.592953996291122, 508.18748374376446, 14.245787214920359, 10.073647796221117
1732115886.0003536, 48.17296604797196, 11.592954676875786, 508.52966777421534, 14.246583324698037, 10.072521872278795
1732115887.0003984, 48.17296872958737, 11.59295397767053, 508.1490441225469, 14.253674867556677, 10.062484090177836
1732115888.000441, 48.17296891430223, 11.592953091624066, 508.1455484190956, 14.254291388613119, 10.061610721132517
1732115889.0004845, 48.17296891430223, 11.592953091624066, 508.1455484190956, 14.254241743067102, 10.06168105364617
1732115890.000525, 48.17296891430223, 11.592953091624066, 508.1455484190956, 14.255851463218006, 10.059400198509053
1732115891.0005665, 48.17296891430223, 11.592953091624066, 508.1455484190956, 14.254749179035581, 10.06096213778202
1732115892.0006065, 48.17296891430223, 11.592953091624066, 508.1455484190956, 14.255916430120482, 10.059308128918202
1732115893.000646, 48.17296891430223, 11.592953091624066, 508.1455484190956, 14.256561050132749, 10.058394519948834
1732115894.0006847, 48.17296891430223, 11.592953091624066, 508.1455484190956, 14.255015613140344, 10.060584633321463
1732115895.0007236, 48.17295994114993, 11.592947929742518, 508.3424118189141, 14.25159058775719, 10.065435858126046
1732115896.0007606, 48.17295983207625, 11.592930511128403, 508.1668638624251, 14.250487721274036, 10.066997218680296
1732115897.0007982, 48.172958272678216, 11.592910505130247, 508.4518120922148, 14.249334141966775, 10.06862998653138
1732115898.0008347, 48.17295288932031, 11.592902251390537, 508.14572046883404, 14.249792005582236, 10.067981977176135
1732115899.000871, 48.17293847000701, 11.592896946076015, 508.51797903422266, 14.248406303794324, 10.069942954013843
1732115900.0009077, 48.172935767107276, 11.592892626595695, 508.15361436642706, 14.248442848491864, 10.069891245110844
1732115901.0009437, 48.17292518981616, 11.592891199063072, 508.35767346434295, 14.250917171942362, 10.066389275879272
1732115902.000978, 48.172911313892605, 11.592880646340626, 507.9918081043288, 14.248984550617639, 10.069124717241253
1732115903.0010138, 48.17289724827224, 11.592876601265354, 507.9463088065386, 14.249212123273276, 10.068802667698915
1732115904.0010474, 48.17289148040246, 11.592880601634695, 507.78419044148177, 14.249297949675348, 10.06868120641809
1732115905.0010827, 48.17287879039895, 11.592888375142998, 507.4325528787449, 14.246514399102571, 10.072619359990828
1732115906.0011158, 48.17286747809779, 11.59290263035869, 507.0042275162414, 14.246006226446429, 10.073338070925075
1732115907.0011501, 48.172856882421506, 11.592922132171998, 507.11905436590314, 14.245193849518305, 10.074486859624404
1732115908.001185, 48.17284274806849, 11.592933724635612, 507.1810056483373, 14.244277324589836, 10.075782688966388
1732115909.0012171, 48.172830657424015, 11.592944083164454, 507.6043498106301, 14.243042770597583, 10.077527768754939
1732115910.0012503, 48.17281760867427, 11.592956040653661, 507.4561082739383, 14.244301255994618, 10.075748856713782
1732115911.0012832, 48.172806596658596, 11.592965983532936, 507.4776628287509, 14.240872450643485, 10.080594483442052
1732115912.0013165, 48.172795322180335, 11.59298075740805, 507.50286134239286, 14.242668902709072, 10.078056152994133
1732115913.0013485, 48.17278433054615, 11.592988062866842, 507.5557704931125, 14.239307555444924, 10.082804849670952
1732115914.0013814, 48.17277219186025, 11.59300292512456, 507.7719596000388, 14.239578676944474, 10.082421951009945
1732115915.0014129, 48.172763036937944, 11.593017384891807, 507.76497812755406, 14.239403045580511, 10.082669993638163
1732115916.0014458, 48.17275488438889, 11.593038017488578, 507.7566317114979, 14.239096810434082, 10.083102464925409
1732115917.0014777, 48.17275131579067, 11.59306210335386, 507.8656991077587, 14.239159756175129, 10.083013573987769
1732115918.0015104, 48.17275446475967, 11.59309237648018, 508.0112386215478, 14.238444366331501, 10.084023766432807
1732115919.0015411, 48.17276333925503, 11.593110289861713, 507.6731884237379, 14.239072041089102, 10.083137443463396
1732115920.0015724, 48.172774418407066, 11.593126601321316, 507.37018669303507, 14.241305993590341, 10.079981988675708
1732115921.0016043, 48.17278548265968, 11.593140477504253, 507.58209404256195, 14.24368532096279, 10.076619560769775
1732115922.001637, 48.1727955035323, 11.593157524036485, 507.6084493333474, 14.247126647544208, 10.071753352020421
1732115923.0016675, 48.172803155812446, 11.593167521879135, 507.5640692645684, 14.249047062924197, 10.069036254462004
1732115924.001699, 48.17280995272146, 11.593182125528786, 508.21094217244536, 14.248973151035035, 10.069140848959341
1732115925.0017297, 48.17281480737764, 11.593195493460117, 507.8421250237152, 14.247498011258013, 10.071228014214444
1732115926.001762, 48.17281315524462, 11.59321645879074, 507.554775102064, 14.247548908465134, 10.071156010905248
1732115927.001792, 48.172804985156006, 11.593241111049855, 507.0373815447092, 14.250043899406505, 10.067625447943838
1732115928.0018234, 48.17279864782488, 11.593254442080351, 507.10718151461333, 14.251230792391787, 10.065945270916343
1732115929.0018537, 48.17279004187241, 11.593272329889881, 507.06123077776283, 14.2490496381124, 10.069032610221688
1732115930.0018847, 48.172779579226955, 11.59329581064826, 507.3361703203991, 14.255037533521913, 10.060553573883519
1732115931.0019164, 48.172773322184405, 11.59331877732824, 507.27608602587134, 14.250405238595786, 10.067113977247935
1732115932.0019464, 48.17276345619017, 11.593342137253236, 507.2682170337066, 14.24986297920166, 10.067881523392936
1732115933.0019765, 48.17275541286684, 11.593351079318351, 507.74115797970444, 14.251327785251961, 10.065807948317131
1732115934.0020082, 48.172748305524074, 11.593370775985417, 508.03806891292334, 14.252305881020167, 10.06442300228567
1732115935.0020385, 48.172742944343156, 11.59338659690344, 507.60767056420445, 14.258977201060699, 10.054969043946883
1732115936.002069, 48.172735623095384, 11.59339975447674, 507.42487779818475, 14.259308624607305, 10.054499034924547
1732115937.0021, 48.17271815457472, 11.593406898725123, 507.5340701090172, 14.267521397217442, 10.042841553815403
1732115938.0021305, 48.17271729800576, 11.593440170132652, 507.1413212772459, 14.266462560497454, 10.044345638468604
1732115939.002161, 48.17270988971148, 11.593456106547444, 506.82673093676567, 14.258967296604133, 10.05498308946727
1732115940.0021906, 48.172703134694565, 11.593476204587972, 506.60821181349456, 14.258572392495175, 10.055543079469816
1732115941.0022225, 48.172697234270316, 11.593496784162609, 506.30599530320615, 14.26044041228638, 10.052893739751175
1732115942.0022516, 48.172690933161306, 11.59351417957288, 506.56503293290734, 14.255362341679367, 10.060093329712636
1732115943.0022817, 48.172685151393075, 11.593529639204005, 506.2570115942508, 14.25305699809633, 10.063359255443293
1732115944.0023131, 48.172680770318706, 11.593548501812181, 506.1598168956116, 14.25362134027223, 10.062559912032073
1732115945.0023422, 48.172677969424306, 11.593568934074812, 505.9538462534547, 14.250611428564826, 10.06682210070072
1732115946.0023727, 48.1726732892993, 11.593588936723554, 505.9637330779806, 14.250503016406123, 10.06697556739356
1732115947.0024037, 48.172674930684245, 11.59360986458799, 506.1590577624738, 14.249261898054582, 10.068732226837145
1732115948.0024333, 48.17266964951201, 11.593629147164553, 506.2222652854398, 14.248681425891645, 10.069553660344104
1732115949.0024638, 48.17266495872578, 11.59365111427578, 506.3929333696142, 14.24839319477234, 10.069961502521453
1732115950.002494, 48.17265809552954, 11.593669449860398, 506.21219805348665, 14.245974801450108, 10.07338251291727
1732115951.0025249, 48.17265370351936, 11.593687751863767, 506.35556499566883, 14.247703889252147, 10.070936757784164
1732115952.002555, 48.172654702686735, 11.593710016187359, 506.3819280350581, 14.248735543795254, 10.06947708166043
1732115953.002585, 48.17265173829354, 11.593737599801388, 506.4804523382336, 14.24838264397488, 10.069976431252176
1732115954.0026145, 48.17265298818036, 11.59375929864781, 506.2894614888355, 14.24858400566593, 10.069691511093078
1732115955.002645, 48.17265549920529, 11.593778563816807, 506.46140018012375, 14.247182409114757, 10.071674473319217
1732115956.002675, 48.1726543449424, 11.59380330395408, 506.7480312054977, 14.24679722236348, 10.07221932842783
1732115957.0027063, 48.17265842231611, 11.593821322866457, 506.791811035946, 14.245982182839436, 10.07337207400383
1732115958.0027356, 48.17266481490386, 11.593837978383684, 507.0387205295265, 14.247027490746895, 10.071893614062905
1732115959.0027657, 48.17266964447961, 11.593853272316927, 506.9040967412293, 14.246259240635915, 10.072980241402975
1732115960.0027966, 48.172679542486534, 11.59386580315112, 506.44088187627494, 14.245969680582954, 10.07338975494397
1732115961.0028524, 48.17268861959082, 11.593877768967367, 506.31483508180827, 14.24651521334753, 10.072618208338696
1732115962.0028563, 48.17269464875306, 11.593896775316477, 506.53574162814766, 14.246909592436932, 10.072060383061023
1732115963.0028868, 48.17270263988372, 11.593914527561639, 506.5555415265262, 14.24746964204993, 10.071268147257554
1732115964.0029168, 48.172712696215186, 11.593931874829794, 506.7344061359763, 14.24755692686469, 10.071144667357771
1732115965.0029464, 48.17271998277005, 11.593948207860409, 506.7843330446631, 14.2482537507048, 10.070158804637867
1732115966.0029774, 48.172724664958196, 11.593962477186082, 506.99499089922756, 14.248892063584401, 10.06925559589289
1732115967.0030074, 48.17273645776655, 11.593980681193184, 507.2782173557207, 14.250121150824127, 10.06751610288922
1732115968.003037, 48.17274545922467, 11.593994857954472, 507.33842901233584, 14.246325665587957, 10.072886295650754
1732115969.003067, 48.17275083114848, 11.594010904548895, 507.7702124873176, 14.249924898096145, 10.06779388414952
1732115970.003097, 48.172753188194555, 11.594021348784983, 507.1196787916124, 14.25146959748372, 10.06560716534756
1732115971.003127, 48.172758895583776, 11.594032072552114, 506.75575538817793, 14.2503810041481, 10.06714828199694
1732115972.003157, 48.17276595111182, 11.594040515111057, 506.67204414401203, 14.25632668466565, 10.058726696515272
1732115973.0031867, 48.17277632730393, 11.594054638048595, 508.0769537910819, 14.250368713028841, 10.067165680459802
1732115974.0032182, 48.1727882850256, 11.59407408311284, 506.8485512472689, 14.252304504758163, 10.064424951220465
1732115975.0032468, 48.17280075300361, 11.594089221477834, 506.73886056244373, 14.256326655301633, 10.058726738133164
1732115976.0032763, 48.17281643299843, 11.594101714950314, 506.94500408973545, 14.260591538810765, 10.052679357181237
1732115977.0033078, 48.17283103976561, 11.59410487830537, 506.621104914695, 14.267172240773352, 10.043337570111106
1732115977.998196, 48.17284186849351, 11.594119129165037, 506.85468760784715, 14.264470136365928, 10.047174977267169
1732115978.9982524, 48.172851615258736, 11.594130682625876, 506.9768322017044, 14.26623270161366, 10.04467211005456
1732115979.9983802, 48.17286586434174, 11.594145198939007, 507.4847567053512, 14.269424163798208, 10.04013781422898
1732115980.9984393, 48.17287794210026, 11.594160202963984, 507.48105692863464, 14.273945798670404, 10.033708418711324
1732115981.9984994, 48.17289039768094, 11.594176670068634, 507.35064446367323, 14.271744961048064, 10.036838598976178
1732115982.9986262, 48.17290404201556, 11.59418045850006, 507.3796627493575, 14.27975164031147, 10.025443949577534
1732115983.9986765, 48.17291658240823, 11.594190303732164, 507.5408125258982, 14.278758433348322, 10.026858475972576
1732115984.9987192, 48.172924434298686, 11.594199690901664, 507.7768181990832, 14.285867464608298, 10.016727213952915
1732115985.9988298, 48.17294130978164, 11.594210390268419, 507.6762501858175, 14.282105888804079, 10.022089835762142
1732115986.9988708, 48.17295604936111, 11.594225888319233, 507.3810608917847, 14.283760230232813, 10.01973188165823
1732115987.9989047, 48.17296708421782, 11.594223327179353, 507.33704885374755, 14.290187185642385, 10.010563595242834
1732115988.999004, 48.172983046283626, 11.59422566801744, 507.21522072982043, 14.291745865565384, 10.008338194185571
1732115989.9990277, 48.17299593494242, 11.594233652930965, 507.2236319454387, 14.284716887794774, 10.018367967421122
1732115990.9990468, 48.17300844232537, 11.59423971831513, 507.4832603055984, 14.289407840509252, 10.011676026654659
1732115991.9991345, 48.173021614715516, 11.594249485942772, 507.6281426521018, 14.29806314318909, 9.999311158698713
1732115992.9992208, 48.17303053138143, 11.594258853281975, 507.8305516503751, 14.30924959758155, 9.983296512135217
1732115993.999302, 48.173042441223316, 11.594271335961267, 507.9398764409125, 14.313444633904837, 9.977280992697347
1732115994.9993804, 48.17305122740222, 11.594279791238431, 507.77972247917205, 14.31631795006747, 9.97315765681436
1732115995.9994555, 48.17306617309982, 11.594276363877565, 508.1793102864176, 14.320914700968846, 9.96655584556036
1732115996.999528, 48.173076870381145, 11.594287700038649, 508.28825717326254, 14.29602355440778, 10.002226943381999
1732115997.9995975, 48.173094474970746, 11.594299836219927, 508.766615184024, 14.294748054187616, 10.004049748096929
1732115998.9996662, 48.173103409932835, 11.59431543820824, 508.61395633779466, 14.288415757714017, 10.013091851661438
1732115999.99973, 48.17311498744985, 11.594336556881657, 508.32915628608316, 14.283415168269006, 10.020223771251908
1732116000.9997928, 48.17312451156318, 11.594364690080786, 508.26578884758055, 14.282918691984843, 10.020931440402578
1732116001.9998546, 48.173139237484925, 11.594381772060505, 508.10512547008693, 14.287595145180513, 10.014262741835426
1732116002.9999125, 48.173138818025, 11.594419819631915, 507.65558260306716, 14.292500578845452, 10.007260389277445
1732116003.9999695, 48.17314129248029, 11.594449167412874, 507.1800827952102, 14.284803902225509, 10.018243896515084
1732116005.0000246, 48.17313132152679, 11.594468166679636, 506.71859949454665, 14.276931876963932, 10.029459081906166
1732116006.0000782, 48.17313387513438, 11.594497533031852, 506.82418840937316, 14.273887095746636, 10.033791928925803
1732116007.0001316, 48.17313589007013, 11.594521879359881, 506.37537544127554, 14.273973071132708, 10.033669620815566
1732116008.000183, 48.17312955978276, 11.594548963731201, 506.0309222312644, 14.268649760039313, 10.04123833600363
1732116009.0002317, 48.17311867035475, 11.594572199532262, 505.9025204097852, 14.265644600135643, 10.045507326049774
1732116010.0002804, 48.17310680984596, 11.594592721427157, 505.89685674291104, 14.262457251503038, 10.050032161348904
1732116011.000327, 48.17309331044499, 11.594610612640098, 505.3920017546043, 14.261535207165162, 10.051340548896324
1732116012.0003734, 48.17307867160034, 11.594630270709853, 505.6212107706815, 14.259114232214966, 10.054774716906566
1732116013.0004187, 48.17306673709785, 11.594647476614329, 505.45281178411096, 14.25727080015114, 10.057388459548365
1732116014.000463, 48.17305900798793, 11.594667129363692, 505.5422469098121, 14.256731012359811, 10.058153614670882
1732116015.0005062, 48.17304978880264, 11.594686519241632, 505.6312650665641, 14.256989060638054, 10.057787839278864
